id,id
16407,16407
16408,16408
16409,16409
16410,16410
16411,16411
16412,16412
16413,16413
16414,16414
16415,16415
16416,16416
16417,16417
16418,16418
16419,16419
16420,16420
16421,16421
16422,16422
16423,16423
16424,16424
16425,16425
16426,16426
16427,16427
16428,16428
16429,16429
16430,16430
16431,16431
16432,16432
16433,16433
16434,16434
16435,16435
16436,16436
16437,16437
16438,16438
16439,16439
16440,16440
16441,16441
16442,16442
16443,16443
16444,16444
16445,16445
16446,16446
16447,16447
16448,16448
16449,16449
16450,16450
16451,16451
16452,16452
16453,16453
16454,16454
16455,16455
16456,16456
16457,16457
16458,16458
16459,16459
16460,16460
16461,16461
16462,16462
16463,16463
16464,16464
16465,16465
16466,16466
16467,16467
16468,16468
16469,16469
16470,16470
16471,16471
16472,16472
16473,16473
16474,16474
16475,16475
16476,16476
16477,16477
16478,16478
16479,16479
16480,16480
16481,16481
16482,16482
16483,16483
16484,16484
16485,16485
16486,16486
16487,16487
16488,16488
16489,16489
16490,16490
16491,16491
16492,16492
16493,16493
16494,16494
16495,16495
16496,16496
16497,16497
16498,16498
16499,16499
16500,16500
16501,16501
16502,16502
16503,16503
16504,16504
16505,16505
16506,16506
16507,16507
16508,16508
16509,16509
16510,16510
16511,16511
16512,16512
16513,16513
16514,16514
16515,16515
16516,16516
16517,16517
16518,16518
16519,16519
16520,16520
16521,16521
16522,16522
16523,16523
16524,16524
16525,16525
16526,16526
16527,16527
16528,16528
16529,16529
16530,16530
16531,16531
16532,16532
16533,16533
16534,16534
16535,16535
16536,16536
16537,16537
16538,16538
16539,16539
16540,16540
16541,16541
16542,16542
16543,16543
16544,16544
16545,16545
16546,16546
16547,16547
16548,16548
16549,16549
16550,16550
16551,16551
16552,16552
16553,16553
16554,16554
16555,16555
16556,16556
16557,16557
16558,16558
16559,16559
16560,16560
16561,16561
16562,16562
16563,16563
16564,16564
16565,16565
16566,16566
16567,16567
16568,16568
16569,16569
16570,16570
16571,16571
16572,16572
16573,16573
16574,16574
16575,16575
16576,16576
16577,16577
16578,16578
16579,16579
16580,16580
16581,16581
16582,16582
16583,16583
16584,16584
16585,16585
16586,16586
16587,16587
16588,16588
16589,16589
16590,16590
16591,16591
16592,16592
16593,16593
16594,16594
16595,16595
16596,16596
16597,16597
16598,16598
16599,16599
16600,16600
16601,16601
16602,16602
16603,16603
16604,16604
16605,16605
16606,16606
16607,16607
16608,16608
16609,16609
16610,16610
16611,16611
16612,16612
16613,16613
16614,16614
16615,16615
16616,16616
16617,16617
16618,16618
16619,16619
16620,16620
16621,16621
16622,16622
16623,16623
16624,16624
16625,16625
16626,16626
16627,16627
16628,16628
16629,16629
16630,16630
16631,16631
16632,16632
16633,16633
16634,16634
16635,16635
16636,16636
16637,16637
16638,16638
16639,16639
16640,16640
16641,16641
16642,16642
16643,16643
16644,16644
16645,16645
16646,16646
16647,16647
16648,16648
16649,16649
16650,16650
16651,16651
16652,16652
16653,16653
16654,16654
16655,16655
16656,16656
16657,16657
16658,16658
16659,16659
16660,16660
16661,16661
16662,16662
16663,16663
16664,16664
16665,16665
16666,16666
16667,16667
16668,16668
16669,16669
16670,16670
16671,16671
16672,16672
16673,16673
16674,16674
16675,16675
16676,16676
16677,16677
16678,16678
16679,16679
16680,16680
16681,16681
16682,16682
16683,16683
16684,16684
16685,16685
16686,16686
16687,16687
16688,16688
16689,16689
16690,16690
16691,16691
16692,16692
16693,16693
16694,16694
16695,16695
16696,16696
16697,16697
16698,16698
16699,16699
16700,16700
16701,16701
16702,16702
16703,16703
16704,16704
16705,16705
16706,16706
18366,18366
18367,18367
18368,18368
18369,18369
18370,18370
18371,18371
18372,18372
18373,18373
18374,18374
18375,18375
18376,18376
18377,18377
18378,18378
18379,18379
18380,18380
18381,18381
18382,18382
18383,18383
18384,18384
18385,18385
18386,18386
18387,18387
18388,18388
18389,18389
18390,18390
18391,18391
18392,18392
18393,18393
18394,18394
18395,18395
18396,18396
18397,18397
18398,18398
18399,18399
18400,18400
18401,18401
18402,18402
18403,18403
18404,18404
18405,18405
18406,18406
18407,18407
18408,18408
18409,18409
18410,18410
18411,18411
18412,18412
18413,18413
18414,18414
18415,18415
18416,18416
18417,18417
18418,18418
18419,18419
18420,18420
18421,18421
18422,18422
18423,18423
18424,18424
18425,18425
18426,18426
18427,18427
18428,18428
18429,18429
18430,18430
18431,18431
18432,18432
18433,18433
18434,18434
18435,18435
18436,18436
18437,18437
18438,18438
18439,18439
18440,18440
18441,18441
18442,18442
18443,18443
18444,18444
18445,18445
18446,18446
18447,18447
18448,18448
18449,18449
18450,18450
18451,18451
18452,18452
18453,18453
18454,18454
18455,18455
18456,18456
18457,18457
18458,18458
18459,18459
18460,18460
18461,18461
18462,18462
18463,18463
18464,18464
18465,18465
18466,18466
18467,18467
18468,18468
18469,18469
18470,18470
18471,18471
18472,18472
18473,18473
18474,18474
18475,18475
18476,18476
18477,18477
18478,18478
18479,18479
18480,18480
18481,18481
18482,18482
18483,18483
18484,18484
18485,18485
18486,18486
18487,18487
18488,18488
18489,18489
18490,18490
18491,18491
18492,18492
18493,18493
18494,18494
18495,18495
18496,18496
18497,18497
18498,18498
18499,18499
18500,18500
18501,18501
18502,18502
18503,18503
18504,18504
18505,18505
18506,18506
18507,18507
18508,18508
18509,18509
18510,18510
18511,18511
18512,18512
18513,18513
18514,18514
18515,18515
18516,18516
18517,18517
18518,18518
18519,18519
18520,18520
18521,18521
18522,18522
18523,18523
18524,18524
18525,18525
18526,18526
18527,18527
18528,18528
18529,18529
18530,18530
18531,18531
18532,18532
18533,18533
18534,18534
18535,18535
18536,18536
18537,18537
18538,18538
18539,18539
18540,18540
18541,18541
18542,18542
18543,18543
18544,18544
18545,18545
18546,18546
18547,18547
18548,18548
18549,18549
18550,18550
18551,18551
18552,18552
18553,18553
18554,18554
18555,18555
18556,18556
18557,18557
18558,18558
18559,18559
18560,18560
18561,18561
18562,18562
18563,18563
18564,18564
18565,18565
18566,18566
18567,18567
18568,18568
18569,18569
18570,18570
18571,18571
18572,18572
18573,18573
18574,18574
18575,18575
18576,18576
18577,18577
18578,18578
18579,18579
18580,18580
18581,18581
18582,18582
18583,18583
18584,18584
18585,18585
18586,18586
18587,18587
18588,18588
18589,18589
18590,18590
18591,18591
18592,18592
18593,18593
18594,18594
18595,18595
18596,18596
18597,18597
18598,18598
18599,18599
18600,18600
18601,18601
18602,18602
18603,18603
18604,18604
18605,18605
18606,18606
18607,18607
18608,18608
18609,18609
18610,18610
18611,18611
18612,18612
18613,18613
18614,18614
18615,18615
18616,18616
18617,18617
18618,18618
18619,18619
18620,18620
18621,18621
18622,18622
18623,18623
18624,18624
18625,18625
18626,18626
18627,18627
18628,18628
18629,18629
18630,18630
18631,18631
18632,18632
18633,18633
18634,18634
18635,18635
18636,18636
18637,18637
18638,18638
18639,18639
18640,18640
18641,18641
18642,18642
18643,18643
18644,18644
18645,18645
18646,18646
18647,18647
18648,18648
18649,18649
18650,18650
18651,18651
18652,18652
18653,18653
18654,18654
18655,18655
18656,18656
18657,18657
18658,18658
18659,18659
18660,18660
18661,18661
18662,18662
18663,18663
18664,18664
18665,18665
20325,20325
20326,20326
20327,20327
20328,20328
20329,20329
20330,20330
20331,20331
20332,20332
20333,20333
20334,20334
20335,20335
20336,20336
20337,20337
20338,20338
20339,20339
20340,20340
20341,20341
20342,20342
20343,20343
20344,20344
20345,20345
20346,20346
20347,20347
20348,20348
20349,20349
20350,20350
20351,20351
20352,20352
20353,20353
20354,20354
20355,20355
20356,20356
20357,20357
20358,20358
20359,20359
20360,20360
20361,20361
20362,20362
20363,20363
20364,20364
20365,20365
20366,20366
20367,20367
20368,20368
20369,20369
20370,20370
20371,20371
20372,20372
20373,20373
20374,20374
20375,20375
20376,20376
20377,20377
20378,20378
20379,20379
20380,20380
20381,20381
20382,20382
20383,20383
20384,20384
20385,20385
20386,20386
20387,20387
20388,20388
20389,20389
20390,20390
20391,20391
20392,20392
20393,20393
20394,20394
20395,20395
20396,20396
20397,20397
20398,20398
20399,20399
20400,20400
20401,20401
20402,20402
20403,20403
20404,20404
20405,20405
20406,20406
20407,20407
20408,20408
20409,20409
20410,20410
20411,20411
20412,20412
20413,20413
20414,20414
20415,20415
20416,20416
20417,20417
20418,20418
20419,20419
20420,20420
20421,20421
20422,20422
20423,20423
20424,20424
20425,20425
20426,20426
20427,20427
20428,20428
20429,20429
20430,20430
20431,20431
20432,20432
20433,20433
20434,20434
20435,20435
20436,20436
20437,20437
20438,20438
20439,20439
20440,20440
20441,20441
20442,20442
20443,20443
20444,20444
20445,20445
20446,20446
20447,20447
20448,20448
20449,20449
20450,20450
20451,20451
20452,20452
20453,20453
20454,20454
20455,20455
20456,20456
20457,20457
20458,20458
20459,20459
20460,20460
20461,20461
20462,20462
20463,20463
20464,20464
20465,20465
20466,20466
20467,20467
20468,20468
20469,20469
20470,20470
20471,20471
20472,20472
20473,20473
20474,20474
20475,20475
20476,20476
20477,20477
20478,20478
20479,20479
20480,20480
20481,20481
20482,20482
20483,20483
20484,20484
20485,20485
20486,20486
20487,20487
20488,20488
20489,20489
20490,20490
20491,20491
20492,20492
20493,20493
20494,20494
20495,20495
20496,20496
20497,20497
20498,20498
20499,20499
20500,20500
20501,20501
20502,20502
20503,20503
20504,20504
20505,20505
20506,20506
20507,20507
20508,20508
20509,20509
20510,20510
20511,20511
20512,20512
20513,20513
20514,20514
20515,20515
20516,20516
20517,20517
20518,20518
20519,20519
20520,20520
20521,20521
20522,20522
20523,20523
20524,20524
20525,20525
20526,20526
20527,20527
20528,20528
20529,20529
20530,20530
20531,20531
20532,20532
20533,20533
20534,20534
20535,20535
20536,20536
20537,20537
20538,20538
20539,20539
20540,20540
20541,20541
20542,20542
20543,20543
20544,20544
20545,20545
20546,20546
20547,20547
20548,20548
20549,20549
20550,20550
20551,20551
20552,20552
20553,20553
20554,20554
20555,20555
20556,20556
20557,20557
20558,20558
20559,20559
20560,20560
20561,20561
20562,20562
20563,20563
20564,20564
20565,20565
20566,20566
20567,20567
20568,20568
20569,20569
20570,20570
20571,20571
20572,20572
20573,20573
20574,20574
20575,20575
20576,20576
20577,20577
20578,20578
20579,20579
20580,20580
20581,20581
20582,20582
20583,20583
20584,20584
20585,20585
20586,20586
20587,20587
20588,20588
20589,20589
20590,20590
20591,20591
20592,20592
20593,20593
20594,20594
20595,20595
20596,20596
20597,20597
20598,20598
20599,20599
20600,20600
20601,20601
20602,20602
20603,20603
20604,20604
20605,20605
20606,20606
20607,20607
20608,20608
20609,20609
20610,20610
20611,20611
20612,20612
20613,20613
20614,20614
20615,20615
20616,20616
20617,20617
20618,20618
20619,20619
20620,20620
20621,20621
20622,20622
20623,20623
20624,20624
736,736
737,737
738,738
739,739
740,740
741,741
742,742
743,743
744,744
745,745
746,746
747,747
748,748
749,749
750,750
751,751
752,752
753,753
754,754
755,755
756,756
757,757
758,758
759,759
760,760
761,761
762,762
763,763
764,764
765,765
766,766
767,767
768,768
769,769
770,770
771,771
772,772
773,773
774,774
775,775
776,776
777,777
778,778
779,779
780,780
781,781
782,782
783,783
784,784
785,785
786,786
787,787
788,788
789,789
790,790
791,791
792,792
793,793
794,794
795,795
796,796
797,797
798,798
799,799
800,800
801,801
802,802
803,803
804,804
805,805
806,806
807,807
808,808
809,809
810,810
811,811
812,812
813,813
814,814
815,815
816,816
817,817
818,818
819,819
820,820
821,821
822,822
823,823
824,824
825,825
826,826
827,827
828,828
829,829
830,830
831,831
832,832
833,833
834,834
835,835
836,836
837,837
838,838
839,839
840,840
841,841
842,842
843,843
844,844
845,845
846,846
847,847
848,848
849,849
850,850
851,851
852,852
853,853
854,854
855,855
856,856
857,857
858,858
859,859
860,860
861,861
862,862
863,863
864,864
865,865
866,866
867,867
868,868
869,869
870,870
871,871
872,872
873,873
874,874
875,875
876,876
877,877
878,878
879,879
880,880
881,881
882,882
883,883
884,884
885,885
886,886
887,887
888,888
889,889
890,890
891,891
892,892
893,893
894,894
895,895
896,896
897,897
898,898
899,899
900,900
901,901
902,902
903,903
904,904
905,905
906,906
907,907
908,908
909,909
910,910
911,911
912,912
913,913
914,914
915,915
916,916
917,917
918,918
919,919
920,920
921,921
922,922
923,923
924,924
925,925
926,926
927,927
928,928
929,929
930,930
931,931
932,932
933,933
934,934
935,935
936,936
937,937
938,938
939,939
940,940
941,941
942,942
943,943
944,944
945,945
946,946
947,947
948,948
949,949
950,950
951,951
952,952
953,953
954,954
955,955
956,956
957,957
958,958
959,959
960,960
961,961
962,962
963,963
964,964
965,965
966,966
967,967
968,968
969,969
970,970
971,971
972,972
973,973
974,974
975,975
976,976
977,977
978,978
979,979
980,980
981,981
982,982
983,983
984,984
985,985
986,986
987,987
988,988
989,989
990,990
991,991
992,992
993,993
994,994
995,995
996,996
997,997
998,998
999,999
1000,1000
1001,1001
1002,1002
1003,1003
1004,1004
1005,1005
1006,1006
1007,1007
1008,1008
1009,1009
1010,1010
1011,1011
1012,1012
1013,1013
1014,1014
1015,1015
1016,1016
1017,1017
1018,1018
1019,1019
1020,1020
1021,1021
1022,1022
1023,1023
1024,1024
1025,1025
1026,1026
1027,1027
1028,1028
1029,1029
1030,1030
1031,1031
1032,1032
1033,1033
1034,1034
1035,1035
2695,2695
2696,2696
2697,2697
2698,2698
2699,2699
2700,2700
2701,2701
2702,2702
2703,2703
2704,2704
2705,2705
2706,2706
2707,2707
2708,2708
2709,2709
2710,2710
2711,2711
2712,2712
2713,2713
2714,2714
2715,2715
2716,2716
2717,2717
2718,2718
2719,2719
2720,2720
2721,2721
2722,2722
2723,2723
2724,2724
2725,2725
2726,2726
2727,2727
2728,2728
2729,2729
2730,2730
2731,2731
2732,2732
2733,2733
2734,2734
2735,2735
2736,2736
2737,2737
2738,2738
2739,2739
2740,2740
2741,2741
2742,2742
2743,2743
2744,2744
2745,2745
2746,2746
2747,2747
2748,2748
2749,2749
2750,2750
2751,2751
2752,2752
2753,2753
2754,2754
2755,2755
2756,2756
2757,2757
2758,2758
2759,2759
2760,2760
2761,2761
2762,2762
2763,2763
2764,2764
2765,2765
2766,2766
2767,2767
2768,2768
2769,2769
2770,2770
2771,2771
2772,2772
2773,2773
2774,2774
2775,2775
2776,2776
2777,2777
2778,2778
2779,2779
2780,2780
2781,2781
2782,2782
2783,2783
2784,2784
2785,2785
2786,2786
2787,2787
2788,2788
2789,2789
2790,2790
2791,2791
2792,2792
2793,2793
2794,2794
2795,2795
2796,2796
2797,2797
2798,2798
2799,2799
2800,2800
2801,2801
2802,2802
2803,2803
2804,2804
2805,2805
2806,2806
2807,2807
2808,2808
2809,2809
2810,2810
2811,2811
2812,2812
2813,2813
2814,2814
2815,2815
2816,2816
2817,2817
2818,2818
2819,2819
2820,2820
2821,2821
2822,2822
2823,2823
2824,2824
2825,2825
2826,2826
2827,2827
2828,2828
2829,2829
2830,2830
2831,2831
2832,2832
2833,2833
2834,2834
2835,2835
2836,2836
2837,2837
2838,2838
2839,2839
2840,2840
2841,2841
2842,2842
2843,2843
2844,2844
2845,2845
2846,2846
2847,2847
2848,2848
2849,2849
2850,2850
2851,2851
2852,2852
2853,2853
2854,2854
2855,2855
2856,2856
2857,2857
2858,2858
2859,2859
2860,2860
2861,2861
2862,2862
2863,2863
2864,2864
2865,2865
2866,2866
2867,2867
2868,2868
2869,2869
2870,2870
2871,2871
2872,2872
2873,2873
2874,2874
2875,2875
2876,2876
2877,2877
2878,2878
2879,2879
2880,2880
2881,2881
2882,2882
2883,2883
2884,2884
2885,2885
2886,2886
2887,2887
2888,2888
2889,2889
2890,2890
2891,2891
2892,2892
2893,2893
2894,2894
2895,2895
2896,2896
2897,2897
2898,2898
2899,2899
2900,2900
2901,2901
2902,2902
2903,2903
2904,2904
2905,2905
2906,2906
2907,2907
2908,2908
2909,2909
2910,2910
2911,2911
2912,2912
2913,2913
2914,2914
2915,2915
2916,2916
2917,2917
2918,2918
2919,2919
2920,2920
2921,2921
2922,2922
2923,2923
2924,2924
2925,2925
2926,2926
2927,2927
2928,2928
2929,2929
2930,2930
2931,2931
2932,2932
2933,2933
2934,2934
2935,2935
2936,2936
2937,2937
2938,2938
2939,2939
2940,2940
2941,2941
2942,2942
2943,2943
2944,2944
2945,2945
2946,2946
2947,2947
2948,2948
2949,2949
2950,2950
2951,2951
2952,2952
2953,2953
2954,2954
2955,2955
2956,2956
2957,2957
2958,2958
2959,2959
2960,2960
2961,2961
2962,2962
2963,2963
2964,2964
2965,2965
2966,2966
2967,2967
2968,2968
2969,2969
2970,2970
2971,2971
2972,2972
2973,2973
2974,2974
2975,2975
2976,2976
2977,2977
2978,2978
2979,2979
2980,2980
2981,2981
2982,2982
2983,2983
2984,2984
2985,2985
2986,2986
2987,2987
2988,2988
2989,2989
2990,2990
2991,2991
2992,2992
2993,2993
2994,2994
8571,8571
8572,8572
8573,8573
8574,8574
8575,8575
8576,8576
8577,8577
8578,8578
8579,8579
8580,8580
8581,8581
8582,8582
8583,8583
8584,8584
8585,8585
8586,8586
8587,8587
8588,8588
8589,8589
8590,8590
8591,8591
8592,8592
8593,8593
8594,8594
8595,8595
8596,8596
8597,8597
8598,8598
8599,8599
8600,8600
8601,8601
8602,8602
8603,8603
8604,8604
8605,8605
8606,8606
8607,8607
8608,8608
8609,8609
8610,8610
8611,8611
8612,8612
8613,8613
8614,8614
8615,8615
8616,8616
8617,8617
8618,8618
8619,8619
8620,8620
8621,8621
8622,8622
8623,8623
8624,8624
8625,8625
8626,8626
8627,8627
8628,8628
8629,8629
8630,8630
8631,8631
8632,8632
8633,8633
8634,8634
8635,8635
8636,8636
8637,8637
8638,8638
8639,8639
8640,8640
8641,8641
8642,8642
8643,8643
8644,8644
8645,8645
8646,8646
8647,8647
8648,8648
8649,8649
8650,8650
8651,8651
8652,8652
8653,8653
8654,8654
8655,8655
8656,8656
8657,8657
8658,8658
8659,8659
8660,8660
8661,8661
8662,8662
8663,8663
8664,8664
8665,8665
8666,8666
8667,8667
8668,8668
8669,8669
8670,8670
8671,8671
8672,8672
8673,8673
8674,8674
8675,8675
8676,8676
8677,8677
8678,8678
8679,8679
8680,8680
8681,8681
8682,8682
8683,8683
8684,8684
8685,8685
8686,8686
8687,8687
8688,8688
8689,8689
8690,8690
8691,8691
8692,8692
8693,8693
8694,8694
8695,8695
8696,8696
8697,8697
8698,8698
8699,8699
8700,8700
8701,8701
8702,8702
8703,8703
8704,8704
8705,8705
8706,8706
8707,8707
8708,8708
8709,8709
8710,8710
8711,8711
8712,8712
8713,8713
8714,8714
8715,8715
8716,8716
8717,8717
8718,8718
8719,8719
8720,8720
8721,8721
8722,8722
8723,8723
8724,8724
8725,8725
8726,8726
8727,8727
8728,8728
8729,8729
8730,8730
8731,8731
8732,8732
8733,8733
8734,8734
8735,8735
8736,8736
8737,8737
8738,8738
8739,8739
8740,8740
8741,8741
8742,8742
8743,8743
8744,8744
8745,8745
8746,8746
8747,8747
8748,8748
8749,8749
8750,8750
8751,8751
8752,8752
8753,8753
8754,8754
8755,8755
8756,8756
8757,8757
8758,8758
8759,8759
8760,8760
8761,8761
8762,8762
8763,8763
8764,8764
8765,8765
8766,8766
8767,8767
8768,8768
8769,8769
8770,8770
8771,8771
8772,8772
8773,8773
8774,8774
8775,8775
8776,8776
8777,8777
8778,8778
8779,8779
8780,8780
8781,8781
8782,8782
8783,8783
8784,8784
8785,8785
8786,8786
8787,8787
8788,8788
8789,8789
8790,8790
8791,8791
8792,8792
8793,8793
8794,8794
8795,8795
8796,8796
8797,8797
8798,8798
8799,8799
8800,8800
8801,8801
8802,8802
8803,8803
8804,8804
8805,8805
8806,8806
8807,8807
8808,8808
8809,8809
8810,8810
8811,8811
8812,8812
8813,8813
8814,8814
8815,8815
8816,8816
8817,8817
8818,8818
8819,8819
8820,8820
8821,8821
8822,8822
8823,8823
8824,8824
8825,8825
8826,8826
8827,8827
8828,8828
8829,8829
8830,8830
8831,8831
8832,8832
8833,8833
8834,8834
8835,8835
8836,8836
8837,8837
8838,8838
8839,8839
8840,8840
8841,8841
8842,8842
8843,8843
8844,8844
8845,8845
8846,8846
8847,8847
8848,8848
8849,8849
8850,8850
8851,8851
8852,8852
8853,8853
8854,8854
8855,8855
8856,8856
8857,8857
8858,8858
8859,8859
8860,8860
8861,8861
8862,8862
8863,8863
8864,8864
8865,8865
8866,8866
8867,8867
8868,8868
8869,8869
8870,8870
10530,10530
10531,10531
10532,10532
10533,10533
10534,10534
10535,10535
10536,10536
10537,10537
10538,10538
10539,10539
10540,10540
10541,10541
10542,10542
10543,10543
10544,10544
10545,10545
10546,10546
10547,10547
10548,10548
10549,10549
10550,10550
10551,10551
10552,10552
10553,10553
10554,10554
10555,10555
10556,10556
10557,10557
10558,10558
10559,10559
10560,10560
10561,10561
10562,10562
10563,10563
10564,10564
10565,10565
10566,10566
10567,10567
10568,10568
10569,10569
10570,10570
10571,10571
10572,10572
10573,10573
10574,10574
10575,10575
10576,10576
10577,10577
10578,10578
10579,10579
10580,10580
10581,10581
10582,10582
10583,10583
10584,10584
10585,10585
10586,10586
10587,10587
10588,10588
10589,10589
10590,10590
10591,10591
10592,10592
10593,10593
10594,10594
10595,10595
10596,10596
10597,10597
10598,10598
10599,10599
10600,10600
10601,10601
10602,10602
10603,10603
10604,10604
10605,10605
10606,10606
10607,10607
10608,10608
10609,10609
10610,10610
10611,10611
10612,10612
10613,10613
10614,10614
10615,10615
10616,10616
10617,10617
10618,10618
10619,10619
10620,10620
10621,10621
10622,10622
10623,10623
10624,10624
10625,10625
10626,10626
10627,10627
10628,10628
10629,10629
10630,10630
10631,10631
10632,10632
10633,10633
10634,10634
10635,10635
10636,10636
10637,10637
10638,10638
10639,10639
10640,10640
10641,10641
10642,10642
10643,10643
10644,10644
10645,10645
10646,10646
10647,10647
10648,10648
10649,10649
10650,10650
10651,10651
10652,10652
10653,10653
10654,10654
10655,10655
10656,10656
10657,10657
10658,10658
10659,10659
10660,10660
10661,10661
10662,10662
10663,10663
10664,10664
10665,10665
10666,10666
10667,10667
10668,10668
10669,10669
10670,10670
10671,10671
10672,10672
10673,10673
10674,10674
10675,10675
10676,10676
10677,10677
10678,10678
10679,10679
10680,10680
10681,10681
10682,10682
10683,10683
10684,10684
10685,10685
10686,10686
10687,10687
10688,10688
10689,10689
10690,10690
10691,10691
10692,10692
10693,10693
10694,10694
10695,10695
10696,10696
10697,10697
10698,10698
10699,10699
10700,10700
10701,10701
10702,10702
10703,10703
10704,10704
10705,10705
10706,10706
10707,10707
10708,10708
10709,10709
10710,10710
10711,10711
10712,10712
10713,10713
10714,10714
10715,10715
10716,10716
10717,10717
10718,10718
10719,10719
10720,10720
10721,10721
10722,10722
10723,10723
10724,10724
10725,10725
10726,10726
10727,10727
10728,10728
10729,10729
10730,10730
10731,10731
10732,10732
10733,10733
10734,10734
10735,10735
10736,10736
10737,10737
10738,10738
10739,10739
10740,10740
10741,10741
10742,10742
10743,10743
10744,10744
10745,10745
10746,10746
10747,10747
10748,10748
10749,10749
10750,10750
10751,10751
10752,10752
10753,10753
10754,10754
10755,10755
10756,10756
10757,10757
10758,10758
10759,10759
10760,10760
10761,10761
10762,10762
10763,10763
10764,10764
10765,10765
10766,10766
10767,10767
10768,10768
10769,10769
10770,10770
10771,10771
10772,10772
10773,10773
10774,10774
10775,10775
10776,10776
10777,10777
10778,10778
10779,10779
10780,10780
10781,10781
10782,10782
10783,10783
10784,10784
10785,10785
10786,10786
10787,10787
10788,10788
10789,10789
10790,10790
10791,10791
10792,10792
10793,10793
10794,10794
10795,10795
10796,10796
10797,10797
10798,10798
10799,10799
10800,10800
10801,10801
10802,10802
10803,10803
10804,10804
10805,10805
10806,10806
10807,10807
10808,10808
10809,10809
10810,10810
10811,10811
10812,10812
10813,10813
10814,10814
10815,10815
10816,10816
10817,10817
10818,10818
10819,10819
10820,10820
10821,10821
10822,10822
10823,10823
10824,10824
10825,10825
10826,10826
10827,10827
10828,10828
10829,10829
12489,12489
12490,12490
12491,12491
12492,12492
12493,12493
12494,12494
12495,12495
12496,12496
12497,12497
12498,12498
12499,12499
12500,12500
12501,12501
12502,12502
12503,12503
12504,12504
12505,12505
12506,12506
12507,12507
12508,12508
12509,12509
12510,12510
12511,12511
12512,12512
12513,12513
12514,12514
12515,12515
12516,12516
12517,12517
12518,12518
12519,12519
12520,12520
12521,12521
12522,12522
12523,12523
12524,12524
12525,12525
12526,12526
12527,12527
12528,12528
12529,12529
12530,12530
12531,12531
12532,12532
12533,12533
12534,12534
12535,12535
12536,12536
12537,12537
12538,12538
12539,12539
12540,12540
12541,12541
12542,12542
12543,12543
12544,12544
12545,12545
12546,12546
12547,12547
12548,12548
12549,12549
12550,12550
12551,12551
12552,12552
12553,12553
12554,12554
12555,12555
12556,12556
12557,12557
12558,12558
12559,12559
12560,12560
12561,12561
12562,12562
12563,12563
12564,12564
12565,12565
12566,12566
12567,12567
12568,12568
12569,12569
12570,12570
12571,12571
12572,12572
12573,12573
12574,12574
12575,12575
12576,12576
12577,12577
12578,12578
12579,12579
12580,12580
12581,12581
12582,12582
12583,12583
12584,12584
12585,12585
12586,12586
12587,12587
12588,12588
12589,12589
12590,12590
12591,12591
12592,12592
12593,12593
12594,12594
12595,12595
12596,12596
12597,12597
12598,12598
12599,12599
12600,12600
12601,12601
12602,12602
12603,12603
12604,12604
12605,12605
12606,12606
12607,12607
12608,12608
12609,12609
12610,12610
12611,12611
12612,12612
12613,12613
12614,12614
12615,12615
12616,12616
12617,12617
12618,12618
12619,12619
12620,12620
12621,12621
12622,12622
12623,12623
12624,12624
12625,12625
12626,12626
12627,12627
12628,12628
12629,12629
12630,12630
12631,12631
12632,12632
12633,12633
12634,12634
12635,12635
12636,12636
12637,12637
12638,12638
12639,12639
12640,12640
12641,12641
12642,12642
12643,12643
12644,12644
12645,12645
12646,12646
12647,12647
12648,12648
12649,12649
12650,12650
12651,12651
12652,12652
12653,12653
12654,12654
12655,12655
12656,12656
12657,12657
12658,12658
12659,12659
12660,12660
12661,12661
12662,12662
12663,12663
12664,12664
12665,12665
12666,12666
12667,12667
12668,12668
12669,12669
12670,12670
12671,12671
12672,12672
12673,12673
12674,12674
12675,12675
12676,12676
12677,12677
12678,12678
12679,12679
12680,12680
12681,12681
12682,12682
12683,12683
12684,12684
12685,12685
12686,12686
12687,12687
12688,12688
12689,12689
12690,12690
12691,12691
12692,12692
12693,12693
12694,12694
12695,12695
12696,12696
12697,12697
12698,12698
12699,12699
12700,12700
12701,12701
12702,12702
12703,12703
12704,12704
12705,12705
12706,12706
12707,12707
12708,12708
12709,12709
12710,12710
12711,12711
12712,12712
12713,12713
12714,12714
12715,12715
12716,12716
12717,12717
12718,12718
12719,12719
12720,12720
12721,12721
12722,12722
12723,12723
12724,12724
12725,12725
12726,12726
12727,12727
12728,12728
12729,12729
12730,12730
12731,12731
12732,12732
12733,12733
12734,12734
12735,12735
12736,12736
12737,12737
12738,12738
12739,12739
12740,12740
12741,12741
12742,12742
12743,12743
12744,12744
12745,12745
12746,12746
12747,12747
12748,12748
12749,12749
12750,12750
12751,12751
12752,12752
12753,12753
12754,12754
12755,12755
12756,12756
12757,12757
12758,12758
12759,12759
12760,12760
12761,12761
12762,12762
12763,12763
12764,12764
12765,12765
12766,12766
12767,12767
12768,12768
12769,12769
12770,12770
12771,12771
12772,12772
12773,12773
12774,12774
12775,12775
12776,12776
12777,12777
12778,12778
12779,12779
12780,12780
12781,12781
12782,12782
12783,12783
12784,12784
12785,12785
12786,12786
12787,12787
12788,12788
14448,14448
14449,14449
14450,14450
14451,14451
14452,14452
14453,14453
14454,14454
14455,14455
14456,14456
14457,14457
14458,14458
14459,14459
14460,14460
14461,14461
14462,14462
14463,14463
14464,14464
14465,14465
14466,14466
14467,14467
14468,14468
14469,14469
14470,14470
14471,14471
14472,14472
14473,14473
14474,14474
14475,14475
14476,14476
14477,14477
14478,14478
14479,14479
14480,14480
14481,14481
14482,14482
14483,14483
14484,14484
14485,14485
14486,14486
14487,14487
14488,14488
14489,14489
14490,14490
14491,14491
14492,14492
14493,14493
14494,14494
14495,14495
14496,14496
14497,14497
14498,14498
14499,14499
14500,14500
14501,14501
14502,14502
14503,14503
14504,14504
14505,14505
14506,14506
14507,14507
14508,14508
14509,14509
14510,14510
14511,14511
14512,14512
14513,14513
14514,14514
14515,14515
14516,14516
14517,14517
14518,14518
14519,14519
14520,14520
14521,14521
14522,14522
14523,14523
14524,14524
14525,14525
14526,14526
14527,14527
14528,14528
14529,14529
14530,14530
14531,14531
14532,14532
14533,14533
14534,14534
14535,14535
14536,14536
14537,14537
14538,14538
14539,14539
14540,14540
14541,14541
14542,14542
14543,14543
14544,14544
14545,14545
14546,14546
14547,14547
14548,14548
14549,14549
14550,14550
14551,14551
14552,14552
14553,14553
14554,14554
14555,14555
14556,14556
14557,14557
14558,14558
14559,14559
14560,14560
14561,14561
14562,14562
14563,14563
14564,14564
14565,14565
14566,14566
14567,14567
14568,14568
14569,14569
14570,14570
14571,14571
14572,14572
14573,14573
14574,14574
14575,14575
14576,14576
14577,14577
14578,14578
14579,14579
14580,14580
14581,14581
14582,14582
14583,14583
14584,14584
14585,14585
14586,14586
14587,14587
14588,14588
14589,14589
14590,14590
14591,14591
14592,14592
14593,14593
14594,14594
14595,14595
14596,14596
14597,14597
14598,14598
14599,14599
14600,14600
14601,14601
14602,14602
14603,14603
14604,14604
14605,14605
14606,14606
14607,14607
14608,14608
14609,14609
14610,14610
14611,14611
14612,14612
14613,14613
14614,14614
14615,14615
14616,14616
14617,14617
14618,14618
14619,14619
14620,14620
14621,14621
14622,14622
14623,14623
14624,14624
14625,14625
14626,14626
14627,14627
14628,14628
14629,14629
14630,14630
14631,14631
14632,14632
14633,14633
14634,14634
14635,14635
14636,14636
14637,14637
14638,14638
14639,14639
14640,14640
14641,14641
14642,14642
14643,14643
14644,14644
14645,14645
14646,14646
14647,14647
14648,14648
14649,14649
14650,14650
14651,14651
14652,14652
14653,14653
14654,14654
14655,14655
14656,14656
14657,14657
14658,14658
14659,14659
14660,14660
14661,14661
14662,14662
14663,14663
14664,14664
14665,14665
14666,14666
14667,14667
14668,14668
14669,14669
14670,14670
14671,14671
14672,14672
14673,14673
14674,14674
14675,14675
14676,14676
14677,14677
14678,14678
14679,14679
14680,14680
14681,14681
14682,14682
14683,14683
14684,14684
14685,14685
14686,14686
14687,14687
14688,14688
14689,14689
14690,14690
14691,14691
14692,14692
14693,14693
14694,14694
14695,14695
14696,14696
14697,14697
14698,14698
14699,14699
14700,14700
14701,14701
14702,14702
14703,14703
14704,14704
14705,14705
14706,14706
14707,14707
14708,14708
14709,14709
14710,14710
14711,14711
14712,14712
14713,14713
14714,14714
14715,14715
14716,14716
14717,14717
14718,14718
14719,14719
14720,14720
14721,14721
14722,14722
14723,14723
14724,14724
14725,14725
14726,14726
14727,14727
14728,14728
14729,14729
14730,14730
14731,14731
14732,14732
14733,14733
14734,14734
14735,14735
14736,14736
14737,14737
14738,14738
14739,14739
14740,14740
14741,14741
14742,14742
14743,14743
14744,14744
14745,14745
14746,14746
14747,14747
4653,4653
4654,4654
4655,4655
4656,4656
4657,4657
4658,4658
4659,4659
4660,4660
4661,4661
4662,4662
4663,4663
4664,4664
4665,4665
4666,4666
4667,4667
4668,4668
4669,4669
4670,4670
4671,4671
4672,4672
4673,4673
4674,4674
4675,4675
4676,4676
4677,4677
4678,4678
4679,4679
4680,4680
4681,4681
4682,4682
4683,4683
4684,4684
4685,4685
4686,4686
4687,4687
4688,4688
4689,4689
4690,4690
4691,4691
4692,4692
4693,4693
4694,4694
4695,4695
4696,4696
4697,4697
4698,4698
4699,4699
4700,4700
4701,4701
4702,4702
4703,4703
4704,4704
4705,4705
4706,4706
4707,4707
4708,4708
4709,4709
4710,4710
4711,4711
4712,4712
4713,4713
4714,4714
4715,4715
4716,4716
4717,4717
4718,4718
4719,4719
4720,4720
4721,4721
4722,4722
4723,4723
4724,4724
4725,4725
4726,4726
4727,4727
4728,4728
4729,4729
4730,4730
4731,4731
4732,4732
4733,4733
4734,4734
4735,4735
4736,4736
4737,4737
4738,4738
4739,4739
4740,4740
4741,4741
4742,4742
4743,4743
4744,4744
4745,4745
4746,4746
4747,4747
4748,4748
4749,4749
4750,4750
4751,4751
4752,4752
4753,4753
4754,4754
4755,4755
4756,4756
4757,4757
4758,4758
4759,4759
4760,4760
4761,4761
4762,4762
4763,4763
4764,4764
4765,4765
4766,4766
4767,4767
4768,4768
4769,4769
4770,4770
4771,4771
4772,4772
4773,4773
4774,4774
4775,4775
4776,4776
4777,4777
4778,4778
4779,4779
4780,4780
4781,4781
4782,4782
4783,4783
4784,4784
4785,4785
4786,4786
4787,4787
4788,4788
4789,4789
4790,4790
4791,4791
4792,4792
4793,4793
4794,4794
4795,4795
4796,4796
4797,4797
4798,4798
4799,4799
4800,4800
4801,4801
4802,4802
4803,4803
4804,4804
4805,4805
4806,4806
4807,4807
4808,4808
4809,4809
4810,4810
4811,4811
4812,4812
4813,4813
4814,4814
4815,4815
4816,4816
4817,4817
4818,4818
4819,4819
4820,4820
4821,4821
4822,4822
4823,4823
4824,4824
4825,4825
4826,4826
4827,4827
4828,4828
4829,4829
4830,4830
4831,4831
4832,4832
4833,4833
4834,4834
4835,4835
4836,4836
4837,4837
4838,4838
4839,4839
4840,4840
4841,4841
4842,4842
4843,4843
4844,4844
4845,4845
4846,4846
4847,4847
4848,4848
4849,4849
4850,4850
4851,4851
4852,4852
4853,4853
4854,4854
4855,4855
4856,4856
4857,4857
4858,4858
4859,4859
4860,4860
4861,4861
4862,4862
4863,4863
4864,4864
4865,4865
4866,4866
4867,4867
4868,4868
4869,4869
4870,4870
4871,4871
4872,4872
4873,4873
4874,4874
4875,4875
4876,4876
4877,4877
4878,4878
4879,4879
4880,4880
4881,4881
4882,4882
4883,4883
4884,4884
4885,4885
4886,4886
4887,4887
4888,4888
4889,4889
4890,4890
4891,4891
4892,4892
4893,4893
4894,4894
4895,4895
4896,4896
4897,4897
4898,4898
4899,4899
4900,4900
4901,4901
4902,4902
4903,4903
4904,4904
4905,4905
4906,4906
4907,4907
4908,4908
4909,4909
4910,4910
4911,4911
4912,4912
4913,4913
4914,4914
4915,4915
4916,4916
4917,4917
4918,4918
4919,4919
4920,4920
4921,4921
4922,4922
4923,4923
4924,4924
4925,4925
4926,4926
4927,4927
4928,4928
4929,4929
4930,4930
4931,4931
4932,4932
4933,4933
4934,4934
4935,4935
4936,4936
4937,4937
4938,4938
4939,4939
4940,4940
4941,4941
4942,4942
4943,4943
4944,4944
4945,4945
4946,4946
4947,4947
4948,4948
4949,4949
4950,4950
4951,4951
4952,4952
6612,6612
6613,6613
6614,6614
6615,6615
6616,6616
6617,6617
6618,6618
6619,6619
6620,6620
6621,6621
6622,6622
6623,6623
6624,6624
6625,6625
6626,6626
6627,6627
6628,6628
6629,6629
6630,6630
6631,6631
6632,6632
6633,6633
6634,6634
6635,6635
6636,6636
6637,6637
6638,6638
6639,6639
6640,6640
6641,6641
6642,6642
6643,6643
6644,6644
6645,6645
6646,6646
6647,6647
6648,6648
6649,6649
6650,6650
6651,6651
6652,6652
6653,6653
6654,6654
6655,6655
6656,6656
6657,6657
6658,6658
6659,6659
6660,6660
6661,6661
6662,6662
6663,6663
6664,6664
6665,6665
6666,6666
6667,6667
6668,6668
6669,6669
6670,6670
6671,6671
6672,6672
6673,6673
6674,6674
6675,6675
6676,6676
6677,6677
6678,6678
6679,6679
6680,6680
6681,6681
6682,6682
6683,6683
6684,6684
6685,6685
6686,6686
6687,6687
6688,6688
6689,6689
6690,6690
6691,6691
6692,6692
6693,6693
6694,6694
6695,6695
6696,6696
6697,6697
6698,6698
6699,6699
6700,6700
6701,6701
6702,6702
6703,6703
6704,6704
6705,6705
6706,6706
6707,6707
6708,6708
6709,6709
6710,6710
6711,6711
6712,6712
6713,6713
6714,6714
6715,6715
6716,6716
6717,6717
6718,6718
6719,6719
6720,6720
6721,6721
6722,6722
6723,6723
6724,6724
6725,6725
6726,6726
6727,6727
6728,6728
6729,6729
6730,6730
6731,6731
6732,6732
6733,6733
6734,6734
6735,6735
6736,6736
6737,6737
6738,6738
6739,6739
6740,6740
6741,6741
6742,6742
6743,6743
6744,6744
6745,6745
6746,6746
6747,6747
6748,6748
6749,6749
6750,6750
6751,6751
6752,6752
6753,6753
6754,6754
6755,6755
6756,6756
6757,6757
6758,6758
6759,6759
6760,6760
6761,6761
6762,6762
6763,6763
6764,6764
6765,6765
6766,6766
6767,6767
6768,6768
6769,6769
6770,6770
6771,6771
6772,6772
6773,6773
6774,6774
6775,6775
6776,6776
6777,6777
6778,6778
6779,6779
6780,6780
6781,6781
6782,6782
6783,6783
6784,6784
6785,6785
6786,6786
6787,6787
6788,6788
6789,6789
6790,6790
6791,6791
6792,6792
6793,6793
6794,6794
6795,6795
6796,6796
6797,6797
6798,6798
6799,6799
6800,6800
6801,6801
6802,6802
6803,6803
6804,6804
6805,6805
6806,6806
6807,6807
6808,6808
6809,6809
6810,6810
6811,6811
6812,6812
6813,6813
6814,6814
6815,6815
6816,6816
6817,6817
6818,6818
6819,6819
6820,6820
6821,6821
6822,6822
6823,6823
6824,6824
6825,6825
6826,6826
6827,6827
6828,6828
6829,6829
6830,6830
6831,6831
6832,6832
6833,6833
6834,6834
6835,6835
6836,6836
6837,6837
6838,6838
6839,6839
6840,6840
6841,6841
6842,6842
6843,6843
6844,6844
6845,6845
6846,6846
6847,6847
6848,6848
6849,6849
6850,6850
6851,6851
6852,6852
6853,6853
6854,6854
6855,6855
6856,6856
6857,6857
6858,6858
6859,6859
6860,6860
6861,6861
6862,6862
6863,6863
6864,6864
6865,6865
6866,6866
6867,6867
6868,6868
6869,6869
6870,6870
6871,6871
6872,6872
6873,6873
6874,6874
6875,6875
6876,6876
6877,6877
6878,6878
6879,6879
6880,6880
6881,6881
6882,6882
6883,6883
6884,6884
6885,6885
6886,6886
6887,6887
6888,6888
6889,6889
6890,6890
6891,6891
6892,6892
6893,6893
6894,6894
6895,6895
6896,6896
6897,6897
6898,6898
6899,6899
6900,6900
6901,6901
6902,6902
6903,6903
6904,6904
6905,6905
6906,6906
6907,6907
6908,6908
6909,6909
6910,6910
6911,6911
17301,17301
17302,17302
17303,17303
17304,17304
17305,17305
17306,17306
17307,17307
17308,17308
17309,17309
17310,17310
17311,17311
17312,17312
17313,17313
17314,17314
17315,17315
17316,17316
17317,17317
17318,17318
17319,17319
17320,17320
17321,17321
17322,17322
17323,17323
17324,17324
17325,17325
17326,17326
17327,17327
17328,17328
17329,17329
17330,17330
17331,17331
17332,17332
17333,17333
17334,17334
17335,17335
17336,17336
17337,17337
17338,17338
17339,17339
17340,17340
17341,17341
17342,17342
17343,17343
17344,17344
17345,17345
17346,17346
17347,17347
17348,17348
17349,17349
17350,17350
17351,17351
17352,17352
17353,17353
17354,17354
17355,17355
17356,17356
17357,17357
17358,17358
17359,17359
17360,17360
17361,17361
17362,17362
17363,17363
17364,17364
17365,17365
17366,17366
17367,17367
17368,17368
17369,17369
17370,17370
17371,17371
17372,17372
17373,17373
17374,17374
17375,17375
17376,17376
17377,17377
17378,17378
17379,17379
17380,17380
17381,17381
17382,17382
17383,17383
17384,17384
17385,17385
17386,17386
17387,17387
17388,17388
17389,17389
17390,17390
17391,17391
17392,17392
17393,17393
17394,17394
17395,17395
17396,17396
17397,17397
17398,17398
17399,17399
17400,17400
17401,17401
17402,17402
17403,17403
17404,17404
17405,17405
17406,17406
17407,17407
17408,17408
17409,17409
17410,17410
17411,17411
17412,17412
17413,17413
17414,17414
17415,17415
17416,17416
17417,17417
17418,17418
17419,17419
17420,17420
17421,17421
17422,17422
17423,17423
17424,17424
17425,17425
17426,17426
17427,17427
17428,17428
17429,17429
17430,17430
17431,17431
17432,17432
17433,17433
17434,17434
17435,17435
17436,17436
17437,17437
17438,17438
17439,17439
17440,17440
17441,17441
17442,17442
17443,17443
17444,17444
17445,17445
17446,17446
17447,17447
17448,17448
17449,17449
17450,17450
17451,17451
17452,17452
17453,17453
17454,17454
17455,17455
17456,17456
17457,17457
17458,17458
17459,17459
17460,17460
17461,17461
17462,17462
17463,17463
17464,17464
17465,17465
17466,17466
17467,17467
17468,17468
17469,17469
17470,17470
17471,17471
17472,17472
17473,17473
17474,17474
17475,17475
17476,17476
17477,17477
17478,17478
17479,17479
17480,17480
17481,17481
17482,17482
17483,17483
17484,17484
17485,17485
17486,17486
17487,17487
17488,17488
17489,17489
17490,17490
17491,17491
17492,17492
17493,17493
17494,17494
17495,17495
17496,17496
17497,17497
17498,17498
17499,17499
17500,17500
17501,17501
17502,17502
17503,17503
17504,17504
17505,17505
17506,17506
17507,17507
17508,17508
17509,17509
17510,17510
17511,17511
17512,17512
17513,17513
17514,17514
17515,17515
17516,17516
17517,17517
17518,17518
17519,17519
17520,17520
17521,17521
17522,17522
17523,17523
17524,17524
17525,17525
17526,17526
17527,17527
17528,17528
17529,17529
17530,17530
17531,17531
17532,17532
17533,17533
17534,17534
17535,17535
17536,17536
17537,17537
17538,17538
17539,17539
17540,17540
17541,17541
17542,17542
17543,17543
17544,17544
17545,17545
17546,17546
17547,17547
17548,17548
17549,17549
17550,17550
17551,17551
17552,17552
17553,17553
17554,17554
17555,17555
17556,17556
17557,17557
17558,17558
17559,17559
17560,17560
17561,17561
17562,17562
17563,17563
17564,17564
17565,17565
17566,17566
17567,17567
17568,17568
17569,17569
17570,17570
17571,17571
17572,17572
17573,17573
17574,17574
17575,17575
17576,17576
17577,17577
17578,17578
17579,17579
17580,17580
17581,17581
17582,17582
17583,17583
17584,17584
17585,17585
17586,17586
17587,17587
17588,17588
17589,17589
17590,17590
17591,17591
17592,17592
17593,17593
17594,17594
17595,17595
17596,17596
17597,17597
17598,17598
17599,17599
17600,17600
19260,19260
19261,19261
19262,19262
19263,19263
19264,19264
19265,19265
19266,19266
19267,19267
19268,19268
19269,19269
19270,19270
19271,19271
19272,19272
19273,19273
19274,19274
19275,19275
19276,19276
19277,19277
19278,19278
19279,19279
19280,19280
19281,19281
19282,19282
19283,19283
19284,19284
19285,19285
19286,19286
19287,19287
19288,19288
19289,19289
19290,19290
19291,19291
19292,19292
19293,19293
19294,19294
19295,19295
19296,19296
19297,19297
19298,19298
19299,19299
19300,19300
19301,19301
19302,19302
19303,19303
19304,19304
19305,19305
19306,19306
19307,19307
19308,19308
19309,19309
19310,19310
19311,19311
19312,19312
19313,19313
19314,19314
19315,19315
19316,19316
19317,19317
19318,19318
19319,19319
19320,19320
19321,19321
19322,19322
19323,19323
19324,19324
19325,19325
19326,19326
19327,19327
19328,19328
19329,19329
19330,19330
19331,19331
19332,19332
19333,19333
19334,19334
19335,19335
19336,19336
19337,19337
19338,19338
19339,19339
19340,19340
19341,19341
19342,19342
19343,19343
19344,19344
19345,19345
19346,19346
19347,19347
19348,19348
19349,19349
19350,19350
19351,19351
19352,19352
19353,19353
19354,19354
19355,19355
19356,19356
19357,19357
19358,19358
19359,19359
19360,19360
19361,19361
19362,19362
19363,19363
19364,19364
19365,19365
19366,19366
19367,19367
19368,19368
19369,19369
19370,19370
19371,19371
19372,19372
19373,19373
19374,19374
19375,19375
19376,19376
19377,19377
19378,19378
19379,19379
19380,19380
19381,19381
19382,19382
19383,19383
19384,19384
19385,19385
19386,19386
19387,19387
19388,19388
19389,19389
19390,19390
19391,19391
19392,19392
19393,19393
19394,19394
19395,19395
19396,19396
19397,19397
19398,19398
19399,19399
19400,19400
19401,19401
19402,19402
19403,19403
19404,19404
19405,19405
19406,19406
19407,19407
19408,19408
19409,19409
19410,19410
19411,19411
19412,19412
19413,19413
19414,19414
19415,19415
19416,19416
19417,19417
19418,19418
19419,19419
19420,19420
19421,19421
19422,19422
19423,19423
19424,19424
19425,19425
19426,19426
19427,19427
19428,19428
19429,19429
19430,19430
19431,19431
19432,19432
19433,19433
19434,19434
19435,19435
19436,19436
19437,19437
19438,19438
19439,19439
19440,19440
19441,19441
19442,19442
19443,19443
19444,19444
19445,19445
19446,19446
19447,19447
19448,19448
19449,19449
19450,19450
19451,19451
19452,19452
19453,19453
19454,19454
19455,19455
19456,19456
19457,19457
19458,19458
19459,19459
19460,19460
19461,19461
19462,19462
19463,19463
19464,19464
19465,19465
19466,19466
19467,19467
19468,19468
19469,19469
19470,19470
19471,19471
19472,19472
19473,19473
19474,19474
19475,19475
19476,19476
19477,19477
19478,19478
19479,19479
19480,19480
19481,19481
19482,19482
19483,19483
19484,19484
19485,19485
19486,19486
19487,19487
19488,19488
19489,19489
19490,19490
19491,19491
19492,19492
19493,19493
19494,19494
19495,19495
19496,19496
19497,19497
19498,19498
19499,19499
19500,19500
19501,19501
19502,19502
19503,19503
19504,19504
19505,19505
19506,19506
19507,19507
19508,19508
19509,19509
19510,19510
19511,19511
19512,19512
19513,19513
19514,19514
19515,19515
19516,19516
19517,19517
19518,19518
19519,19519
19520,19520
19521,19521
19522,19522
19523,19523
19524,19524
19525,19525
19526,19526
19527,19527
19528,19528
19529,19529
19530,19530
19531,19531
19532,19532
19533,19533
19534,19534
19535,19535
19536,19536
19537,19537
19538,19538
19539,19539
19540,19540
19541,19541
19542,19542
19543,19543
19544,19544
19545,19545
19546,19546
19547,19547
19548,19548
19549,19549
19550,19550
19551,19551
19552,19552
19553,19553
19554,19554
19555,19555
19556,19556
19557,19557
19558,19558
19559,19559
21219,21219
21220,21220
21221,21221
21222,21222
21223,21223
21224,21224
21225,21225
21226,21226
21227,21227
21228,21228
21229,21229
21230,21230
21231,21231
21232,21232
21233,21233
21234,21234
21235,21235
21236,21236
21237,21237
21238,21238
21239,21239
21240,21240
21241,21241
21242,21242
21243,21243
21244,21244
21245,21245
21246,21246
21247,21247
21248,21248
21249,21249
21250,21250
21251,21251
21252,21252
21253,21253
21254,21254
21255,21255
21256,21256
21257,21257
21258,21258
21259,21259
21260,21260
21261,21261
21262,21262
21263,21263
21264,21264
21265,21265
21266,21266
21267,21267
21268,21268
21269,21269
21270,21270
21271,21271
21272,21272
21273,21273
21274,21274
21275,21275
21276,21276
21277,21277
21278,21278
21279,21279
21280,21280
21281,21281
21282,21282
21283,21283
21284,21284
21285,21285
21286,21286
21287,21287
21288,21288
21289,21289
21290,21290
21291,21291
21292,21292
21293,21293
21294,21294
21295,21295
21296,21296
21297,21297
21298,21298
21299,21299
21300,21300
21301,21301
21302,21302
21303,21303
21304,21304
21305,21305
21306,21306
21307,21307
21308,21308
21309,21309
21310,21310
21311,21311
21312,21312
21313,21313
21314,21314
21315,21315
21316,21316
21317,21317
21318,21318
21319,21319
21320,21320
21321,21321
21322,21322
21323,21323
21324,21324
21325,21325
21326,21326
21327,21327
21328,21328
21329,21329
21330,21330
21331,21331
21332,21332
21333,21333
21334,21334
21335,21335
21336,21336
21337,21337
21338,21338
21339,21339
21340,21340
21341,21341
21342,21342
21343,21343
21344,21344
21345,21345
21346,21346
21347,21347
21348,21348
21349,21349
21350,21350
21351,21351
21352,21352
21353,21353
21354,21354
21355,21355
21356,21356
21357,21357
21358,21358
21359,21359
21360,21360
21361,21361
21362,21362
21363,21363
21364,21364
21365,21365
21366,21366
21367,21367
21368,21368
21369,21369
21370,21370
21371,21371
21372,21372
21373,21373
21374,21374
21375,21375
21376,21376
21377,21377
21378,21378
21379,21379
21380,21380
21381,21381
21382,21382
21383,21383
21384,21384
21385,21385
21386,21386
21387,21387
21388,21388
21389,21389
21390,21390
21391,21391
21392,21392
21393,21393
21394,21394
21395,21395
21396,21396
21397,21397
21398,21398
21399,21399
21400,21400
21401,21401
21402,21402
21403,21403
21404,21404
21405,21405
21406,21406
21407,21407
21408,21408
21409,21409
21410,21410
21411,21411
21412,21412
21413,21413
21414,21414
21415,21415
21416,21416
21417,21417
21418,21418
21419,21419
21420,21420
21421,21421
21422,21422
21423,21423
21424,21424
21425,21425
21426,21426
21427,21427
21428,21428
21429,21429
21430,21430
21431,21431
21432,21432
21433,21433
21434,21434
21435,21435
21436,21436
21437,21437
21438,21438
21439,21439
21440,21440
21441,21441
21442,21442
21443,21443
21444,21444
21445,21445
21446,21446
21447,21447
21448,21448
21449,21449
21450,21450
21451,21451
21452,21452
21453,21453
21454,21454
21455,21455
21456,21456
21457,21457
21458,21458
21459,21459
21460,21460
21461,21461
21462,21462
21463,21463
21464,21464
21465,21465
21466,21466
21467,21467
21468,21468
21469,21469
21470,21470
21471,21471
21472,21472
21473,21473
21474,21474
21475,21475
21476,21476
21477,21477
21478,21478
21479,21479
21480,21480
21481,21481
21482,21482
21483,21483
21484,21484
21485,21485
21486,21486
21487,21487
21488,21488
21489,21489
21490,21490
21491,21491
21492,21492
21493,21493
21494,21494
21495,21495
21496,21496
21497,21497
21498,21498
21499,21499
21500,21500
21501,21501
21502,21502
21503,21503
21504,21504
21505,21505
21506,21506
21507,21507
21508,21508
21509,21509
21510,21510
21511,21511
21512,21512
21513,21513
21514,21514
21515,21515
21516,21516
21517,21517
21518,21518
1630,1630
1631,1631
1632,1632
1633,1633
1634,1634
1635,1635
1636,1636
1637,1637
1638,1638
1639,1639
1640,1640
1641,1641
1642,1642
1643,1643
1644,1644
1645,1645
1646,1646
1647,1647
1648,1648
1649,1649
1650,1650
1651,1651
1652,1652
1653,1653
1654,1654
1655,1655
1656,1656
1657,1657
1658,1658
1659,1659
1660,1660
1661,1661
1662,1662
1663,1663
1664,1664
1665,1665
1666,1666
1667,1667
1668,1668
1669,1669
1670,1670
1671,1671
1672,1672
1673,1673
1674,1674
1675,1675
1676,1676
1677,1677
1678,1678
1679,1679
1680,1680
1681,1681
1682,1682
1683,1683
1684,1684
1685,1685
1686,1686
1687,1687
1688,1688
1689,1689
1690,1690
1691,1691
1692,1692
1693,1693
1694,1694
1695,1695
1696,1696
1697,1697
1698,1698
1699,1699
1700,1700
1701,1701
1702,1702
1703,1703
1704,1704
1705,1705
1706,1706
1707,1707
1708,1708
1709,1709
1710,1710
1711,1711
1712,1712
1713,1713
1714,1714
1715,1715
1716,1716
1717,1717
1718,1718
1719,1719
1720,1720
1721,1721
1722,1722
1723,1723
1724,1724
1725,1725
1726,1726
1727,1727
1728,1728
1729,1729
1730,1730
1731,1731
1732,1732
1733,1733
1734,1734
1735,1735
1736,1736
1737,1737
1738,1738
1739,1739
1740,1740
1741,1741
1742,1742
1743,1743
1744,1744
1745,1745
1746,1746
1747,1747
1748,1748
1749,1749
1750,1750
1751,1751
1752,1752
1753,1753
1754,1754
1755,1755
1756,1756
1757,1757
1758,1758
1759,1759
1760,1760
1761,1761
1762,1762
1763,1763
1764,1764
1765,1765
1766,1766
1767,1767
1768,1768
1769,1769
1770,1770
1771,1771
1772,1772
1773,1773
1774,1774
1775,1775
1776,1776
1777,1777
1778,1778
1779,1779
1780,1780
1781,1781
1782,1782
1783,1783
1784,1784
1785,1785
1786,1786
1787,1787
1788,1788
1789,1789
1790,1790
1791,1791
1792,1792
1793,1793
1794,1794
1795,1795
1796,1796
1797,1797
1798,1798
1799,1799
1800,1800
1801,1801
1802,1802
1803,1803
1804,1804
1805,1805
1806,1806
1807,1807
1808,1808
1809,1809
1810,1810
1811,1811
1812,1812
1813,1813
1814,1814
1815,1815
1816,1816
1817,1817
1818,1818
1819,1819
1820,1820
1821,1821
1822,1822
1823,1823
1824,1824
1825,1825
1826,1826
1827,1827
1828,1828
1829,1829
1830,1830
1831,1831
1832,1832
1833,1833
1834,1834
1835,1835
1836,1836
1837,1837
1838,1838
1839,1839
1840,1840
1841,1841
1842,1842
1843,1843
1844,1844
1845,1845
1846,1846
1847,1847
1848,1848
1849,1849
1850,1850
1851,1851
1852,1852
1853,1853
1854,1854
1855,1855
1856,1856
1857,1857
1858,1858
1859,1859
1860,1860
1861,1861
1862,1862
1863,1863
1864,1864
1865,1865
1866,1866
1867,1867
1868,1868
1869,1869
1870,1870
1871,1871
1872,1872
1873,1873
1874,1874
1875,1875
1876,1876
1877,1877
1878,1878
1879,1879
1880,1880
1881,1881
1882,1882
1883,1883
1884,1884
1885,1885
1886,1886
1887,1887
1888,1888
1889,1889
1890,1890
1891,1891
1892,1892
1893,1893
1894,1894
1895,1895
1896,1896
1897,1897
1898,1898
1899,1899
1900,1900
1901,1901
1902,1902
1903,1903
1904,1904
1905,1905
1906,1906
1907,1907
1908,1908
1909,1909
1910,1910
1911,1911
1912,1912
1913,1913
1914,1914
1915,1915
1916,1916
1917,1917
1918,1918
1919,1919
1920,1920
1921,1921
1922,1922
1923,1923
1924,1924
1925,1925
1926,1926
1927,1927
1928,1928
1929,1929
3589,3589
3590,3590
3591,3591
3592,3592
3593,3593
3594,3594
3595,3595
3596,3596
3597,3597
3598,3598
3599,3599
3600,3600
3601,3601
3602,3602
3603,3603
3604,3604
3605,3605
3606,3606
3607,3607
3608,3608
3609,3609
3610,3610
3611,3611
36110,36110
3612,3612
3613,3613
3614,3614
3615,3615
3616,3616
3617,3617
3618,3618
3619,3619
3620,3620
3621,3621
3622,3622
3623,3623
3624,3624
3625,3625
3626,3626
3627,3627
3628,3628
3629,3629
3630,3630
3631,3631
3632,3632
3633,3633
3634,3634
3635,3635
3636,3636
3637,3637
3638,3638
3639,3639
3640,3640
3641,3641
3642,3642
3643,3643
3644,3644
3645,3645
3646,3646
3647,3647
3648,3648
3649,3649
3650,3650
3651,3651
3652,3652
3653,3653
3654,3654
3655,3655
3656,3656
3657,3657
3658,3658
3659,3659
3660,3660
3661,3661
3662,3662
3663,3663
3664,3664
3665,3665
3666,3666
3667,3667
3668,3668
3669,3669
3670,3670
3671,3671
3672,3672
3673,3673
3674,3674
3675,3675
3676,3676
3677,3677
3678,3678
3679,3679
3680,3680
3681,3681
3682,3682
3683,3683
3684,3684
3685,3685
3686,3686
3687,3687
3688,3688
3689,3689
3690,3690
3691,3691
3692,3692
3693,3693
3694,3694
3695,3695
3696,3696
3697,3697
3698,3698
3699,3699
3700,3700
3701,3701
3702,3702
3703,3703
3704,3704
3705,3705
3706,3706
3707,3707
3708,3708
3709,3709
3710,3710
3711,3711
3712,3712
3713,3713
3714,3714
3715,3715
3716,3716
3717,3717
3718,3718
3719,3719
3720,3720
3721,3721
3722,3722
3723,3723
3724,3724
3725,3725
3726,3726
3727,3727
3728,3728
3729,3729
3730,3730
3731,3731
3732,3732
3733,3733
3734,3734
3735,3735
3736,3736
3737,3737
3738,3738
3739,3739
3740,3740
3741,3741
3742,3742
3743,3743
3744,3744
3745,3745
3746,3746
3747,3747
3748,3748
3749,3749
3750,3750
3751,3751
3752,3752
3753,3753
3754,3754
3755,3755
3756,3756
3757,3757
3758,3758
3759,3759
3760,3760
3761,3761
3762,3762
3763,3763
3764,3764
3765,3765
3766,3766
3767,3767
3768,3768
3769,3769
3770,3770
3771,3771
3772,3772
3773,3773
3774,3774
3775,3775
3776,3776
3777,3777
3778,3778
3779,3779
3780,3780
3781,3781
3782,3782
3783,3783
3784,3784
3785,3785
3786,3786
3787,3787
3788,3788
3789,3789
3790,3790
3791,3791
3792,3792
3793,3793
3794,3794
3795,3795
3796,3796
3797,3797
3798,3798
3799,3799
3800,3800
3801,3801
3802,3802
3803,3803
3804,3804
3805,3805
3806,3806
3807,3807
3808,3808
3809,3809
3810,3810
3811,3811
3812,3812
3813,3813
3814,3814
3815,3815
3816,3816
3817,3817
3818,3818
3819,3819
3820,3820
3821,3821
3822,3822
3823,3823
3824,3824
3825,3825
3826,3826
3827,3827
3828,3828
3829,3829
3830,3830
3831,3831
3832,3832
3833,3833
3834,3834
3835,3835
3836,3836
3837,3837
3838,3838
3839,3839
3840,3840
3841,3841
3842,3842
3843,3843
3844,3844
3845,3845
3846,3846
3847,3847
3848,3848
3849,3849
3850,3850
3851,3851
3852,3852
3853,3853
3854,3854
3855,3855
3856,3856
3857,3857
3858,3858
3859,3859
3860,3860
3861,3861
3862,3862
3863,3863
3864,3864
3865,3865
3866,3866
3867,3867
3868,3868
3869,3869
3870,3870
3871,3871
3872,3872
3873,3873
3874,3874
3875,3875
3876,3876
3877,3877
3878,3878
3879,3879
3880,3880
3881,3881
3882,3882
3883,3883
3884,3884
3885,3885
3886,3886
3887,3887
9465,9465
9466,9466
9467,9467
9468,9468
9469,9469
9470,9470
9471,9471
9472,9472
9473,9473
9474,9474
9475,9475
9476,9476
9477,9477
9478,9478
9479,9479
9480,9480
9481,9481
9482,9482
9483,9483
9484,9484
9485,9485
9486,9486
9487,9487
9488,9488
9489,9489
9490,9490
9491,9491
9492,9492
9493,9493
9494,9494
9495,9495
9496,9496
9497,9497
9498,9498
9499,9499
9500,9500
9501,9501
9502,9502
9503,9503
9504,9504
9505,9505
9506,9506
9507,9507
9508,9508
9509,9509
9510,9510
9511,9511
9512,9512
9513,9513
9514,9514
9515,9515
9516,9516
9517,9517
9518,9518
9519,9519
9520,9520
9521,9521
9522,9522
9523,9523
9524,9524
9525,9525
9526,9526
9527,9527
9528,9528
9529,9529
9530,9530
9531,9531
9532,9532
9533,9533
9534,9534
9535,9535
9536,9536
9537,9537
9538,9538
9539,9539
9540,9540
9541,9541
9542,9542
9543,9543
9544,9544
9545,9545
9546,9546
9547,9547
9548,9548
9549,9549
9550,9550
9551,9551
9552,9552
9553,9553
9554,9554
9555,9555
9556,9556
9557,9557
9558,9558
9559,9559
9560,9560
9561,9561
9562,9562
9563,9563
9564,9564
9565,9565
9566,9566
9567,9567
9568,9568
9569,9569
9570,9570
9571,9571
9572,9572
9573,9573
9574,9574
9575,9575
9576,9576
9577,9577
9578,9578
9579,9579
9580,9580
9581,9581
9582,9582
9583,9583
9584,9584
9585,9585
9586,9586
9587,9587
9588,9588
9589,9589
9590,9590
9591,9591
9592,9592
9593,9593
9594,9594
9595,9595
9596,9596
9597,9597
9598,9598
9599,9599
9600,9600
9601,9601
9602,9602
9603,9603
9604,9604
9605,9605
9606,9606
9607,9607
9608,9608
9609,9609
9610,9610
9611,9611
9612,9612
9613,9613
9614,9614
9615,9615
9616,9616
9617,9617
9618,9618
9619,9619
9620,9620
9621,9621
9622,9622
9623,9623
9624,9624
9625,9625
9626,9626
9627,9627
9628,9628
9629,9629
9630,9630
9631,9631
9632,9632
9633,9633
9634,9634
9635,9635
9636,9636
9637,9637
9638,9638
9639,9639
9640,9640
9641,9641
9642,9642
9643,9643
9644,9644
9645,9645
9646,9646
9647,9647
9648,9648
9649,9649
9650,9650
9651,9651
9652,9652
9653,9653
9654,9654
9655,9655
9656,9656
9657,9657
9658,9658
9659,9659
9660,9660
9661,9661
9662,9662
9663,9663
9664,9664
9665,9665
9666,9666
9667,9667
9668,9668
9669,9669
9670,9670
9671,9671
9672,9672
9673,9673
9674,9674
9675,9675
9676,9676
9677,9677
9678,9678
9679,9679
9680,9680
9681,9681
9682,9682
9683,9683
9684,9684
9685,9685
9686,9686
9687,9687
9688,9688
9689,9689
9690,9690
9691,9691
9692,9692
9693,9693
9694,9694
9695,9695
9696,9696
9697,9697
9698,9698
9699,9699
9700,9700
9701,9701
9702,9702
9703,9703
9704,9704
9705,9705
9706,9706
9707,9707
9708,9708
9709,9709
9710,9710
9711,9711
9712,9712
9713,9713
9714,9714
9715,9715
9716,9716
9717,9717
9718,9718
9719,9719
9720,9720
9721,9721
9722,9722
9723,9723
9724,9724
9725,9725
9726,9726
9727,9727
9728,9728
9729,9729
9730,9730
9731,9731
9732,9732
9733,9733
9734,9734
9735,9735
9736,9736
9737,9737
9738,9738
9739,9739
9740,9740
9741,9741
9742,9742
9743,9743
9744,9744
9745,9745
9746,9746
9747,9747
9748,9748
9749,9749
9750,9750
9751,9751
9752,9752
9753,9753
9754,9754
9755,9755
9756,9756
9757,9757
9758,9758
9759,9759
9760,9760
9761,9761
9762,9762
9763,9763
9764,9764
11424,11424
11425,11425
11426,11426
11427,11427
11428,11428
11429,11429
11430,11430
11431,11431
11432,11432
11433,11433
11434,11434
11435,11435
11436,11436
11437,11437
11438,11438
11439,11439
11440,11440
11441,11441
11442,11442
11443,11443
11444,11444
11445,11445
11446,11446
11447,11447
11448,11448
11449,11449
11450,11450
11451,11451
11452,11452
11453,11453
11454,11454
11455,11455
11456,11456
11457,11457
11458,11458
11459,11459
11460,11460
11461,11461
11462,11462
11463,11463
11464,11464
11465,11465
11466,11466
11467,11467
11468,11468
11469,11469
11470,11470
11471,11471
11472,11472
11473,11473
11474,11474
11475,11475
11476,11476
11477,11477
11478,11478
11479,11479
11480,11480
11481,11481
11482,11482
11483,11483
11484,11484
11485,11485
11486,11486
11487,11487
11488,11488
11489,11489
11490,11490
11491,11491
11492,11492
11493,11493
11494,11494
11495,11495
11496,11496
11497,11497
11498,11498
11499,11499
11500,11500
11501,11501
11502,11502
11503,11503
11504,11504
11505,11505
11506,11506
11507,11507
11508,11508
11509,11509
11510,11510
11511,11511
11512,11512
11513,11513
11514,11514
11515,11515
11516,11516
11517,11517
11518,11518
11519,11519
11520,11520
11521,11521
11522,11522
11523,11523
11524,11524
11525,11525
11526,11526
11527,11527
11528,11528
11529,11529
11530,11530
11531,11531
11532,11532
11533,11533
11534,11534
11535,11535
11536,11536
11537,11537
11538,11538
11539,11539
11540,11540
11541,11541
11542,11542
11543,11543
11544,11544
11545,11545
11546,11546
11547,11547
11548,11548
11549,11549
11550,11550
11551,11551
11552,11552
11553,11553
11554,11554
11555,11555
11556,11556
11557,11557
11558,11558
11559,11559
11560,11560
11561,11561
11562,11562
11563,11563
11564,11564
11565,11565
11566,11566
11567,11567
11568,11568
11569,11569
11570,11570
11571,11571
11572,11572
11573,11573
11574,11574
11575,11575
11576,11576
11577,11577
11578,11578
11579,11579
11580,11580
11581,11581
11582,11582
11583,11583
11584,11584
11585,11585
11586,11586
11587,11587
11588,11588
11589,11589
11590,11590
11591,11591
11592,11592
11593,11593
11594,11594
11595,11595
11596,11596
11597,11597
11598,11598
11599,11599
11600,11600
11601,11601
11602,11602
11603,11603
11604,11604
11605,11605
11606,11606
11607,11607
11608,11608
11609,11609
11610,11610
11611,11611
11612,11612
11613,11613
11614,11614
11615,11615
11616,11616
11617,11617
11618,11618
11619,11619
11620,11620
11621,11621
11622,11622
11623,11623
11624,11624
11625,11625
11626,11626
11627,11627
11628,11628
11629,11629
11630,11630
11631,11631
11632,11632
11633,11633
11634,11634
11635,11635
11636,11636
11637,11637
11638,11638
11639,11639
11640,11640
11641,11641
11642,11642
11643,11643
11644,11644
11645,11645
11646,11646
11647,11647
11648,11648
11649,11649
11650,11650
11651,11651
11652,11652
11653,11653
11654,11654
11655,11655
11656,11656
11657,11657
11658,11658
11659,11659
11660,11660
11661,11661
11662,11662
11663,11663
11664,11664
11665,11665
11666,11666
11667,11667
11668,11668
11669,11669
11670,11670
11671,11671
11672,11672
11673,11673
11674,11674
11675,11675
11676,11676
11677,11677
11678,11678
11679,11679
11680,11680
11681,11681
11682,11682
11683,11683
11684,11684
11685,11685
11686,11686
11687,11687
11688,11688
11689,11689
11690,11690
11691,11691
11692,11692
11693,11693
11694,11694
11695,11695
11696,11696
11697,11697
11698,11698
11699,11699
11700,11700
11701,11701
11702,11702
11703,11703
11704,11704
11705,11705
11706,11706
11707,11707
11708,11708
11709,11709
11710,11710
11711,11711
11712,11712
11713,11713
11714,11714
11715,11715
11716,11716
11717,11717
11718,11718
11719,11719
11720,11720
11721,11721
11722,11722
11723,11723
13383,13383
13384,13384
13385,13385
13386,13386
13387,13387
13388,13388
13389,13389
13390,13390
13391,13391
13392,13392
13393,13393
13394,13394
13395,13395
13396,13396
13397,13397
13398,13398
13399,13399
13400,13400
13401,13401
13402,13402
13403,13403
13404,13404
13405,13405
13406,13406
13407,13407
13408,13408
13409,13409
13410,13410
13411,13411
13412,13412
13413,13413
13414,13414
13415,13415
13416,13416
13417,13417
13418,13418
13419,13419
13420,13420
13421,13421
13422,13422
13423,13423
13424,13424
13425,13425
13426,13426
13427,13427
13428,13428
13429,13429
13430,13430
13431,13431
13432,13432
13433,13433
13434,13434
13435,13435
13436,13436
13437,13437
13438,13438
13439,13439
13440,13440
13441,13441
13442,13442
13443,13443
13444,13444
13445,13445
13446,13446
13447,13447
13448,13448
13449,13449
13450,13450
13451,13451
13452,13452
13453,13453
13454,13454
13455,13455
13456,13456
13457,13457
13458,13458
13459,13459
13460,13460
13461,13461
13462,13462
13463,13463
13464,13464
13465,13465
13466,13466
13467,13467
13468,13468
13469,13469
13470,13470
13471,13471
13472,13472
13473,13473
13474,13474
13475,13475
13476,13476
13477,13477
13478,13478
13479,13479
13480,13480
13481,13481
13482,13482
13483,13483
13484,13484
13485,13485
13486,13486
13487,13487
13488,13488
13489,13489
13490,13490
13491,13491
13492,13492
13493,13493
13494,13494
13495,13495
13496,13496
13497,13497
13498,13498
13499,13499
13500,13500
13501,13501
13502,13502
13503,13503
13504,13504
13505,13505
13506,13506
13507,13507
13508,13508
13509,13509
13510,13510
13511,13511
13512,13512
13513,13513
13514,13514
13515,13515
13516,13516
13517,13517
13518,13518
13519,13519
13520,13520
13521,13521
13522,13522
13523,13523
13524,13524
13525,13525
13526,13526
13527,13527
13528,13528
13529,13529
13530,13530
13531,13531
13532,13532
13533,13533
13534,13534
13535,13535
13536,13536
13537,13537
13538,13538
13539,13539
13540,13540
13541,13541
13542,13542
13543,13543
13544,13544
13545,13545
13546,13546
13547,13547
13548,13548
13549,13549
13550,13550
13551,13551
13552,13552
13553,13553
13554,13554
13555,13555
13556,13556
13557,13557
13558,13558
13559,13559
13560,13560
13561,13561
13562,13562
13563,13563
13564,13564
13565,13565
13566,13566
13567,13567
13568,13568
13569,13569
13570,13570
13571,13571
13572,13572
13573,13573
13574,13574
13575,13575
13576,13576
13577,13577
13578,13578
13579,13579
13580,13580
13581,13581
13582,13582
13583,13583
13584,13584
13585,13585
13586,13586
13587,13587
13588,13588
13589,13589
13590,13590
13591,13591
13592,13592
13593,13593
13594,13594
13595,13595
13596,13596
13597,13597
13598,13598
13599,13599
13600,13600
13601,13601
13602,13602
13603,13603
13604,13604
13605,13605
13606,13606
13607,13607
13608,13608
13609,13609
13610,13610
13611,13611
13612,13612
13613,13613
13614,13614
13615,13615
13616,13616
13617,13617
13618,13618
13619,13619
13620,13620
13621,13621
13622,13622
13623,13623
13624,13624
13625,13625
13626,13626
13627,13627
13628,13628
13629,13629
13630,13630
13631,13631
13632,13632
13633,13633
13634,13634
13635,13635
13636,13636
13637,13637
13638,13638
13639,13639
13640,13640
13641,13641
13642,13642
13643,13643
13644,13644
13645,13645
13646,13646
13647,13647
13648,13648
13649,13649
13650,13650
13651,13651
13652,13652
13653,13653
13654,13654
13655,13655
13656,13656
13657,13657
13658,13658
13659,13659
13660,13660
13661,13661
13662,13662
13663,13663
13664,13664
13665,13665
13666,13666
13667,13667
13668,13668
13669,13669
13670,13670
13671,13671
13672,13672
13673,13673
13674,13674
13675,13675
13676,13676
13677,13677
13678,13678
13679,13679
13680,13680
13681,13681
13682,13682
15342,15342
15343,15343
15344,15344
15345,15345
15346,15346
15347,15347
15348,15348
15349,15349
15350,15350
15351,15351
15352,15352
15353,15353
15354,15354
15355,15355
15356,15356
15357,15357
15358,15358
15359,15359
15360,15360
15361,15361
15362,15362
15363,15363
15364,15364
15365,15365
15366,15366
15367,15367
15368,15368
15369,15369
15370,15370
15371,15371
15372,15372
15373,15373
15374,15374
15375,15375
15376,15376
15377,15377
15378,15378
15379,15379
15380,15380
15381,15381
15382,15382
15383,15383
15384,15384
15385,15385
15386,15386
15387,15387
15388,15388
15389,15389
15390,15390
15391,15391
15392,15392
15393,15393
15394,15394
15395,15395
15396,15396
15397,15397
15398,15398
15399,15399
15400,15400
15401,15401
15402,15402
15403,15403
15404,15404
15405,15405
15406,15406
15407,15407
15408,15408
15409,15409
15410,15410
15411,15411
15412,15412
15413,15413
15414,15414
15415,15415
15416,15416
15417,15417
15418,15418
15419,15419
15420,15420
15421,15421
15422,15422
15423,15423
15424,15424
15425,15425
15426,15426
15427,15427
15428,15428
15429,15429
15430,15430
15431,15431
15432,15432
15433,15433
15434,15434
15435,15435
15436,15436
15437,15437
15438,15438
15439,15439
15440,15440
15441,15441
15442,15442
15443,15443
15444,15444
15445,15445
15446,15446
15447,15447
15448,15448
15449,15449
15450,15450
15451,15451
15452,15452
15453,15453
15454,15454
15455,15455
15456,15456
15457,15457
15458,15458
15459,15459
15460,15460
15461,15461
15462,15462
15463,15463
15464,15464
15465,15465
15466,15466
15467,15467
15468,15468
15469,15469
15470,15470
15471,15471
15472,15472
15473,15473
15474,15474
15475,15475
15476,15476
15477,15477
15478,15478
15479,15479
15480,15480
15481,15481
15482,15482
15483,15483
15484,15484
15485,15485
15486,15486
15487,15487
15488,15488
15489,15489
15490,15490
15491,15491
15492,15492
15493,15493
15494,15494
15495,15495
15496,15496
15497,15497
15498,15498
15499,15499
15500,15500
15501,15501
15502,15502
15503,15503
15504,15504
15505,15505
15506,15506
15507,15507
15508,15508
15509,15509
15510,15510
15511,15511
15512,15512
15513,15513
15514,15514
15515,15515
15516,15516
15517,15517
15518,15518
15519,15519
15520,15520
15521,15521
15522,15522
15523,15523
15524,15524
15525,15525
15526,15526
15527,15527
15528,15528
15529,15529
15530,15530
15531,15531
15532,15532
15533,15533
15534,15534
15535,15535
15536,15536
15537,15537
15538,15538
15539,15539
15540,15540
15541,15541
15542,15542
15543,15543
15544,15544
15545,15545
15546,15546
15547,15547
15548,15548
15549,15549
15550,15550
15551,15551
15552,15552
15553,15553
15554,15554
15555,15555
15556,15556
15557,15557
15558,15558
15559,15559
15560,15560
15561,15561
15562,15562
15563,15563
15564,15564
15565,15565
15566,15566
15567,15567
15568,15568
15569,15569
15570,15570
15571,15571
15572,15572
15573,15573
15574,15574
15575,15575
15576,15576
15577,15577
15578,15578
15579,15579
15580,15580
15581,15581
15582,15582
15583,15583
15584,15584
15585,15585
15586,15586
15587,15587
15588,15588
15589,15589
15590,15590
15591,15591
15592,15592
15593,15593
15594,15594
15595,15595
15596,15596
15597,15597
15598,15598
15599,15599
15600,15600
15601,15601
15602,15602
15603,15603
15604,15604
15605,15605
15606,15606
15607,15607
15608,15608
15609,15609
15610,15610
15611,15611
15612,15612
15613,15613
15614,15614
15615,15615
15616,15616
15617,15617
15618,15618
15619,15619
15620,15620
15621,15621
15622,15622
15623,15623
15624,15624
15625,15625
15626,15626
15627,15627
15628,15628
15629,15629
15630,15630
15631,15631
15632,15632
15633,15633
15634,15634
15635,15635
15636,15636
15637,15637
15638,15638
15639,15639
15640,15640
15641,15641
5547,5547
5548,5548
5549,5549
5550,5550
5551,5551
5552,5552
5553,5553
5554,5554
5555,5555
5556,5556
5557,5557
5558,5558
5559,5559
5560,5560
5561,5561
5562,5562
5563,5563
5564,5564
5565,5565
5566,5566
5567,5567
5568,5568
5569,5569
5570,5570
5571,5571
5572,5572
5573,5573
5574,5574
5575,5575
5576,5576
5577,5577
5578,5578
5579,5579
5580,5580
5581,5581
5582,5582
5583,5583
5584,5584
5585,5585
5586,5586
5587,5587
5588,5588
5589,5589
5590,5590
5591,5591
5592,5592
5593,5593
5594,5594
5595,5595
5596,5596
5597,5597
5598,5598
5599,5599
5600,5600
5601,5601
5602,5602
5603,5603
5604,5604
5605,5605
5606,5606
5607,5607
5608,5608
5609,5609
5610,5610
5611,5611
5612,5612
5613,5613
5614,5614
5615,5615
5616,5616
5617,5617
5618,5618
5619,5619
5620,5620
5621,5621
5622,5622
5623,5623
5624,5624
5625,5625
5626,5626
5627,5627
5628,5628
5629,5629
5630,5630
5631,5631
5632,5632
5633,5633
5634,5634
5635,5635
5636,5636
5637,5637
5638,5638
5639,5639
5640,5640
5641,5641
5642,5642
5643,5643
5644,5644
5645,5645
5646,5646
5647,5647
5648,5648
5649,5649
5650,5650
5651,5651
5652,5652
5653,5653
5654,5654
5655,5655
5656,5656
5657,5657
5658,5658
5659,5659
5660,5660
5661,5661
5662,5662
5663,5663
5664,5664
5665,5665
5666,5666
5667,5667
5668,5668
5669,5669
5670,5670
5671,5671
5672,5672
5673,5673
5674,5674
5675,5675
5676,5676
5677,5677
5678,5678
5679,5679
5680,5680
5681,5681
5682,5682
5683,5683
5684,5684
5685,5685
5686,5686
5687,5687
5688,5688
5689,5689
5690,5690
5691,5691
5692,5692
5693,5693
5694,5694
5695,5695
5696,5696
5697,5697
5698,5698
5699,5699
5700,5700
5701,5701
5702,5702
5703,5703
5704,5704
5705,5705
5706,5706
5707,5707
5708,5708
5709,5709
5710,5710
5711,5711
5712,5712
5713,5713
5714,5714
5715,5715
5716,5716
5717,5717
5718,5718
5719,5719
5720,5720
5721,5721
5722,5722
5723,5723
5724,5724
5725,5725
5726,5726
5727,5727
5728,5728
5729,5729
5730,5730
5731,5731
5732,5732
5733,5733
5734,5734
5735,5735
5736,5736
5737,5737
5738,5738
5739,5739
5740,5740
5741,5741
5742,5742
5743,5743
5744,5744
5745,5745
5746,5746
5747,5747
5748,5748
5749,5749
5750,5750
5751,5751
5752,5752
5753,5753
5754,5754
5755,5755
5756,5756
5757,5757
5758,5758
5759,5759
5760,5760
5761,5761
5762,5762
5763,5763
5764,5764
5765,5765
5766,5766
5767,5767
5768,5768
5769,5769
5770,5770
5771,5771
5772,5772
5773,5773
5774,5774
5775,5775
5776,5776
5777,5777
5778,5778
5779,5779
5780,5780
5781,5781
5782,5782
5783,5783
5784,5784
5785,5785
5786,5786
5787,5787
5788,5788
5789,5789
5790,5790
5791,5791
5792,5792
5793,5793
5794,5794
5795,5795
5796,5796
5797,5797
5798,5798
5799,5799
5800,5800
5801,5801
5802,5802
5803,5803
5804,5804
5805,5805
5806,5806
5807,5807
5808,5808
5809,5809
5810,5810
5811,5811
5812,5812
5813,5813
5814,5814
5815,5815
5816,5816
5817,5817
5818,5818
5819,5819
5820,5820
5821,5821
5822,5822
5823,5823
5824,5824
5825,5825
5826,5826
5827,5827
5828,5828
5829,5829
5830,5830
5831,5831
5832,5832
5833,5833
5834,5834
5835,5835
5836,5836
5837,5837
5838,5838
5839,5839
5840,5840
5841,5841
5842,5842
5843,5843
5844,5844
5845,5845
5846,5846
7506,7506
7507,7507
7508,7508
7509,7509
7510,7510
7511,7511
7512,7512
7513,7513
7514,7514
7515,7515
7516,7516
7517,7517
7518,7518
7519,7519
7520,7520
7521,7521
7522,7522
7523,7523
7524,7524
7525,7525
7526,7526
7527,7527
7528,7528
7529,7529
7530,7530
7531,7531
7532,7532
7533,7533
7534,7534
7535,7535
7536,7536
7537,7537
7538,7538
7539,7539
7540,7540
7541,7541
7542,7542
7543,7543
7544,7544
7545,7545
7546,7546
7547,7547
7548,7548
7549,7549
7550,7550
7551,7551
7552,7552
7553,7553
7554,7554
7555,7555
7556,7556
7557,7557
7558,7558
7559,7559
7560,7560
7561,7561
7562,7562
7563,7563
7564,7564
7565,7565
7566,7566
7567,7567
7568,7568
7569,7569
7570,7570
7571,7571
7572,7572
7573,7573
7574,7574
7575,7575
7576,7576
7577,7577
7578,7578
7579,7579
7580,7580
7581,7581
7582,7582
7583,7583
7584,7584
7585,7585
7586,7586
7587,7587
7588,7588
7589,7589
7590,7590
7591,7591
7592,7592
7593,7593
7594,7594
7595,7595
7596,7596
7597,7597
7598,7598
7599,7599
7600,7600
7601,7601
7602,7602
7603,7603
7604,7604
7605,7605
7606,7606
7607,7607
7608,7608
7609,7609
7610,7610
7611,7611
7612,7612
7613,7613
7614,7614
7615,7615
7616,7616
7617,7617
7618,7618
7619,7619
7620,7620
7621,7621
7622,7622
7623,7623
7624,7624
7625,7625
7626,7626
7627,7627
7628,7628
7629,7629
7630,7630
7631,7631
7632,7632
7633,7633
7634,7634
7635,7635
7636,7636
7637,7637
7638,7638
7639,7639
7640,7640
7641,7641
7642,7642
7643,7643
7644,7644
7645,7645
7646,7646
7647,7647
7648,7648
7649,7649
7650,7650
7651,7651
7652,7652
7653,7653
7654,7654
7655,7655
7656,7656
7657,7657
7658,7658
7659,7659
7660,7660
7661,7661
7662,7662
7663,7663
7664,7664
7665,7665
7666,7666
7667,7667
7668,7668
7669,7669
7670,7670
7671,7671
7672,7672
7673,7673
7674,7674
7675,7675
7676,7676
7677,7677
7678,7678
7679,7679
7680,7680
7681,7681
7682,7682
7683,7683
7684,7684
7685,7685
7686,7686
7687,7687
7688,7688
7689,7689
7690,7690
7691,7691
7692,7692
7693,7693
7694,7694
7695,7695
7696,7696
7697,7697
7698,7698
7699,7699
7700,7700
7701,7701
7702,7702
7703,7703
7704,7704
7705,7705
7706,7706
7707,7707
7708,7708
7709,7709
7710,7710
7711,7711
7712,7712
7713,7713
7714,7714
7715,7715
7716,7716
7717,7717
7718,7718
7719,7719
7720,7720
7721,7721
7722,7722
7723,7723
7724,7724
7725,7725
7726,7726
7727,7727
7728,7728
7729,7729
7730,7730
7731,7731
7732,7732
7733,7733
7734,7734
7735,7735
7736,7736
7737,7737
7738,7738
7739,7739
7740,7740
7741,7741
7742,7742
7743,7743
7744,7744
7745,7745
7746,7746
7747,7747
7748,7748
7749,7749
7750,7750
7751,7751
7752,7752
7753,7753
7754,7754
7755,7755
7756,7756
7757,7757
7758,7758
7759,7759
7760,7760
7761,7761
7762,7762
7763,7763
7764,7764
7765,7765
7766,7766
7767,7767
7768,7768
7769,7769
7770,7770
7771,7771
7772,7772
7773,7773
7774,7774
7775,7775
7776,7776
7777,7777
7778,7778
7779,7779
7780,7780
7781,7781
7782,7782
7783,7783
7784,7784
7785,7785
7786,7786
7787,7787
7788,7788
7789,7789
7790,7790
7791,7791
7792,7792
7793,7793
7794,7794
7795,7795
7796,7796
7797,7797
7798,7798
7799,7799
7800,7800
7801,7801
7802,7802
7803,7803
7804,7804
7805,7805
